{
	"matrix": [
		[
			2320,
			0.0,
			960
		],
		[
			0.0,
			2320,
			540
		],
		[
			0.0,
			0.0,
			1.0
		]
	],
	"distortion": [
		[
			-0.13025028001973998,
			1.2679947233028803,
			0.0015942903156198798,
			0.005459764610663316,
			-4.732492028404729
		]
	]
}