{
	"matrix": [
		[
			2321.9687621332764,
			0.0,
			986.3911168843282
		],
		[
			0.0,
			2322.475292266546,
			534.2191432360495
		],
		[
			0.0,
			0.0,
			1.0
		]
	],
	"distortion": [
		[
			-0.13025028001973998,
			1.2679947233028803,
			0.0015942903156198798,
			0.005459764610663316,
			-4.732492028404729
		]
	]
}