{
	"matrix": [
		[
			3184.198851633718,
			0.0,
			1960.2771560576016
		],
		[
			0.0,
			3178.81220709219,
			1061.5609844728756
		],
		[
			0.0,
			0.0,
			1.0
		]
	],
	"distortion": [
		[
			0.30049899120162715,
			-2.0516113707169183,
			-0.0032107180304404284,
			0.006013092445379811,
			4.937054708538221
		]
	]
}